{
  "CreateTenant2" : {
    "transaction" : "CreateTenant2",
    "sampleCount" : 10000,
    "errorCount" : 0,
    "errorPct" : 0.0,
    "meanResTime" : 0.965600000000004,
    "medianResTime" : 1.0,
    "minResTime" : 0.0,
    "maxResTime" : 36.0,
    "pct1ResTime" : 1.0,
    "pct2ResTime" : 1.0,
    "pct3ResTime" : 2.0,
    "throughput" : 131.5062728492149,
    "receivedKBytesPerSec" : 25.171122537545042,
    "sentKBytesPerSec" : 30.693358604455433
  },
  "UpdateTenant1" : {
    "transaction" : "UpdateTenant1",
    "sampleCount" : 10000,
    "errorCount" : 0,
    "errorPct" : 0.0,
    "meanResTime" : 1.121400000000004,
    "medianResTime" : 1.0,
    "minResTime" : 0.0,
    "maxResTime" : 14.0,
    "pct1ResTime" : 2.0,
    "pct2ResTime" : 2.0,
    "pct3ResTime" : 2.0,
    "throughput" : 131.5702914281955,
    "receivedKBytesPerSec" : 25.18337609367805,
    "sentKBytesPerSec" : 28.78100124991777
  },
  "UpdateTenant2" : {
    "transaction" : "UpdateTenant2",
    "sampleCount" : 10000,
    "errorCount" : 0,
    "errorPct" : 0.0,
    "meanResTime" : 1.116100000000003,
    "medianResTime" : 1.0,
    "minResTime" : 0.0,
    "maxResTime" : 26.0,
    "pct1ResTime" : 2.0,
    "pct2ResTime" : 2.0,
    "pct3ResTime" : 2.0,
    "throughput" : 131.5737536676184,
    "receivedKBytesPerSec" : 25.569508769390684,
    "sentKBytesPerSec" : 29.16722859623962
  },
  "CreateTenant1" : {
    "transaction" : "CreateTenant1",
    "sampleCount" : 10000,
    "errorCount" : 0,
    "errorPct" : 0.0,
    "meanResTime" : 1.0352000000000028,
    "medianResTime" : 1.0,
    "minResTime" : 0.0,
    "maxResTime" : 52.0,
    "pct1ResTime" : 2.0,
    "pct2ResTime" : 2.0,
    "pct3ResTime" : 2.0,
    "throughput" : 131.41122514685205,
    "receivedKBytesPerSec" : 25.024598538707178,
    "sentKBytesPerSec" : 30.542843344678506
  },
  "Total" : {
    "transaction" : "Total",
    "sampleCount" : 80000,
    "errorCount" : 0,
    "errorPct" : 0.0,
    "meanResTime" : 0.9165999999999994,
    "medianResTime" : 1.0,
    "minResTime" : 0.0,
    "maxResTime" : 52.0,
    "pct1ResTime" : 1.0,
    "pct2ResTime" : 1.0,
    "pct3ResTime" : 2.0,
    "throughput" : 1051.1931041732366,
    "receivedKBytesPerSec" : 182.08532895774204,
    "sentKBytesPerSec" : 217.1165444654683
  },
  "ReadTenant2" : {
    "transaction" : "ReadTenant2",
    "sampleCount" : 10000,
    "errorCount" : 0,
    "errorPct" : 0.0,
    "meanResTime" : 0.5871000000000028,
    "medianResTime" : 1.0,
    "minResTime" : 0.0,
    "maxResTime" : 18.0,
    "pct1ResTime" : 1.0,
    "pct2ResTime" : 1.0,
    "pct3ResTime" : 1.0,
    "throughput" : 131.5702914281955,
    "receivedKBytesPerSec" : 25.18337609367805,
    "sentKBytesPerSec" : 19.016018682981382
  },
  "ReadTenant1" : {
    "transaction" : "ReadTenant1",
    "sampleCount" : 10000,
    "errorCount" : 0,
    "errorPct" : 0.0,
    "meanResTime" : 0.5964999999999988,
    "medianResTime" : 1.0,
    "minResTime" : 0.0,
    "maxResTime" : 4.0,
    "pct1ResTime" : 1.0,
    "pct2ResTime" : 1.0,
    "pct3ResTime" : 1.0,
    "throughput" : 131.56856037681237,
    "receivedKBytesPerSec" : 25.05455983738126,
    "sentKBytesPerSec" : 19.01576849196116
  },
  "DeleteTenant1" : {
    "transaction" : "DeleteTenant1",
    "sampleCount" : 10000,
    "errorCount" : 0,
    "errorPct" : 0.0,
    "meanResTime" : 0.9555999999999998,
    "medianResTime" : 1.0,
    "minResTime" : 0.0,
    "maxResTime" : 4.0,
    "pct1ResTime" : 1.0,
    "pct2ResTime" : 1.0,
    "pct3ResTime" : 2.0,
    "throughput" : 131.5754848556617,
    "receivedKBytesPerSec" : 15.547493815952214,
    "sentKBytesPerSec" : 30.067054156469567
  },
  "DeleteTenant2" : {
    "transaction" : "DeleteTenant2",
    "sampleCount" : 10000,
    "errorCount" : 0,
    "errorPct" : 0.0,
    "meanResTime" : 0.955300000000001,
    "medianResTime" : 1.0,
    "minResTime" : 0.0,
    "maxResTime" : 4.0,
    "pct1ResTime" : 1.0,
    "pct2ResTime" : 1.0,
    "pct3ResTime" : 2.0,
    "throughput" : 131.57894736842104,
    "receivedKBytesPerSec" : 15.547902960526315,
    "sentKBytesPerSec" : 30.067845394736842
  }
}