{
  "CreateTenant2" : {
    "transaction" : "CreateTenant2",
    "sampleCount" : 10000,
    "errorCount" : 0,
    "errorPct" : 0.0,
    "meanResTime" : 1.0288999999999986,
    "medianResTime" : 1.0,
    "minResTime" : 0.0,
    "maxResTime" : 8.0,
    "pct1ResTime" : 1.0,
    "pct2ResTime" : 2.0,
    "pct3ResTime" : 3.0,
    "throughput" : 120.52113338073832,
    "receivedKBytesPerSec" : 23.068498186156944,
    "sentKBytesPerSec" : 28.129444216793416
  },
  "UpdateTenant1" : {
    "transaction" : "UpdateTenant1",
    "sampleCount" : 10000,
    "errorCount" : 0,
    "errorPct" : 0.0,
    "meanResTime" : 1.2248000000000043,
    "medianResTime" : 1.0,
    "minResTime" : 0.0,
    "maxResTime" : 13.0,
    "pct1ResTime" : 2.0,
    "pct2ResTime" : 2.0,
    "pct3ResTime" : 3.0,
    "throughput" : 120.57635497678905,
    "receivedKBytesPerSec" : 23.07906794477603,
    "sentKBytesPerSec" : 26.376077651172604
  },
  "UpdateTenant2" : {
    "transaction" : "UpdateTenant2",
    "sampleCount" : 10000,
    "errorCount" : 0,
    "errorPct" : 0.0,
    "meanResTime" : 1.2152999999999943,
    "medianResTime" : 1.0,
    "minResTime" : 0.0,
    "maxResTime" : 12.0,
    "pct1ResTime" : 2.0,
    "pct2ResTime" : 2.0,
    "pct3ResTime" : 3.0,
    "throughput" : 120.5952581944478,
    "receivedKBytesPerSec" : 23.43599255927257,
    "sentKBytesPerSec" : 26.733519150527002
  },
  "CreateTenant1" : {
    "transaction" : "CreateTenant1",
    "sampleCount" : 10000,
    "errorCount" : 0,
    "errorPct" : 0.0,
    "meanResTime" : 1.1502000000000008,
    "medianResTime" : 1.0,
    "minResTime" : 0.0,
    "maxResTime" : 305.0,
    "pct1ResTime" : 2.0,
    "pct2ResTime" : 2.0,
    "pct3ResTime" : 3.0,
    "throughput" : 120.07973294267393,
    "receivedKBytesPerSec" : 22.866746019356853,
    "sentKBytesPerSec" : 27.90915668003554
  },
  "Total" : {
    "transaction" : "Total",
    "sampleCount" : 80000,
    "errorCount" : 0,
    "errorPct" : 0.0,
    "meanResTime" : 1.003212499999993,
    "medianResTime" : 1.0,
    "minResTime" : 0.0,
    "maxResTime" : 305.0,
    "pct1ResTime" : 1.0,
    "pct2ResTime" : 1.0,
    "pct3ResTime" : 2.0,
    "throughput" : 960.5686566447337,
    "receivedKBytesPerSec" : 166.38756393785118,
    "sentKBytesPerSec" : 198.39870203160268
  },
  "ReadTenant2" : {
    "transaction" : "ReadTenant2",
    "sampleCount" : 10000,
    "errorCount" : 0,
    "errorPct" : 0.0,
    "meanResTime" : 0.6493999999999969,
    "medianResTime" : 1.0,
    "minResTime" : 0.0,
    "maxResTime" : 11.0,
    "pct1ResTime" : 1.0,
    "pct2ResTime" : 1.0,
    "pct3ResTime" : 2.0,
    "throughput" : 120.57199353734114,
    "receivedKBytesPerSec" : 23.078233138006702,
    "sentKBytesPerSec" : 17.42642094094384
  },
  "ReadTenant1" : {
    "transaction" : "ReadTenant1",
    "sampleCount" : 10000,
    "errorCount" : 0,
    "errorPct" : 0.0,
    "meanResTime" : 0.6613000000000011,
    "medianResTime" : 1.0,
    "minResTime" : 0.0,
    "maxResTime" : 29.0,
    "pct1ResTime" : 1.0,
    "pct2ResTime" : 1.0,
    "pct3ResTime" : 2.0,
    "throughput" : 120.52839649021308,
    "receivedKBytesPerSec" : 22.952184878507374,
    "sentKBytesPerSec" : 17.42011980522611
  },
  "DeleteTenant1" : {
    "transaction" : "DeleteTenant1",
    "sampleCount" : 10000,
    "errorCount" : 0,
    "errorPct" : 0.0,
    "meanResTime" : 1.0531000000000006,
    "medianResTime" : 1.0,
    "minResTime" : 0.0,
    "maxResTime" : 10.0,
    "pct1ResTime" : 1.0,
    "pct2ResTime" : 2.0,
    "pct3ResTime" : 3.0,
    "throughput" : 120.60253024108445,
    "receivedKBytesPerSec" : 14.250884921065644,
    "sentKBytesPerSec" : 27.559562574622817
  },
  "DeleteTenant2" : {
    "transaction" : "DeleteTenant2",
    "sampleCount" : 10000,
    "errorCount" : 0,
    "errorPct" : 0.0,
    "meanResTime" : 1.0427000000000035,
    "medianResTime" : 1.0,
    "minResTime" : 0.0,
    "maxResTime" : 7.0,
    "pct1ResTime" : 1.0,
    "pct2ResTime" : 2.0,
    "pct3ResTime" : 3.0,
    "throughput" : 120.61707696575681,
    "receivedKBytesPerSec" : 14.252603821148998,
    "sentKBytesPerSec" : 27.562886728503024
  }
}